,split0_test_score,split1_test_score,split2_test_score,mean_test_score,std_test_score,rank_test_score,mean_fit_time,std_fit_time,mean_score_time,std_score_time,param_colsample_bylevel,param_colsample_bytree,param_gamma,param_learning_rate,param_max_delta_step,param_max_depth,param_min_child_weight,param_n_estimators,param_reg_alpha,param_reg_lambda,param_scale_pos_weight,param_subsample,params
0,0.49546498819826906,0.5103227700630297,0.5164454939000394,0.5074099547525486,0.008809202996480886,1,45.94502298037211,0.32174207503461394,0.3282986481984456,0.05845118175654687,0.4160029192647807,0.7304484857455519,0.13031389926541354,0.05329228444240296,13,9,4,100,5.497557739289786e-07,648,275,0.13556548021189216,"OrderedDict([('colsample_bylevel', 0.4160029192647807), ('colsample_bytree', 0.7304484857455519), ('gamma', 0.13031389926541354), ('learning_rate', 0.05329228444240296), ('max_delta_step', 13), ('max_depth', 9), ('min_child_weight', 4), ('n_estimators', 100), ('reg_alpha', 5.497557739289786e-07), ('reg_lambda', 648), ('scale_pos_weight', 275), ('subsample', 0.13556548021189216)])"
1,0.4755247836349331,0.4426110205330984,0.4371759149940968,0.4517723973863002,0.016942960441697394,2,47.619117975234985,0.36427814700898803,0.3294687271118164,0.10206059157628636,0.8390144719977516,0.8844821246070537,4.358684608480795e-07,1.5445242865491629,17,3,1,100,0.0005266983003701547,954,315,0.9923710598637134,"OrderedDict([('colsample_bylevel', 0.8390144719977516), ('colsample_bytree', 0.8844821246070537), ('gamma', 4.358684608480795e-07), ('learning_rate', 1.5445242865491629), ('max_delta_step', 17), ('max_depth', 3), ('min_child_weight', 1), ('n_estimators', 100), ('reg_alpha', 0.0005266983003701547), ('reg_lambda', 954), ('scale_pos_weight', 315), ('subsample', 0.9923710598637134)])"
