,split0_test_score,split1_test_score,split2_test_score,mean_test_score,std_test_score,rank_test_score,mean_fit_time,std_fit_time,mean_score_time,std_score_time,param_colsample_bylevel,param_colsample_bytree,param_gamma,param_learning_rate,param_max_delta_step,param_max_depth,param_min_child_weight,param_n_estimators,param_reg_alpha,param_reg_lambda,param_scale_pos_weight,param_subsample,params
0,0.46954276215980895,0.48009973220057256,0.4971246449109679,0.48225385447397223,0.01136248227311779,2,54.76496911048889,0.3803939138622676,0.31996893882751465,0.09129229350898924,0.4160029192647807,0.7304484857455519,0.13031389926541354,0.05329228444240296,13,9,4,100,5.497557739289786e-07,648,275,0.13556548021189216,"OrderedDict([('colsample_bylevel', 0.4160029192647807), ('colsample_bytree', 0.7304484857455519), ('gamma', 0.13031389926541354), ('learning_rate', 0.05329228444240296), ('max_delta_step', 13), ('max_depth', 9), ('min_child_weight', 4), ('n_estimators', 100), ('reg_alpha', 5.497557739289786e-07), ('reg_lambda', 648), ('scale_pos_weight', 275), ('subsample', 0.13556548021189216)])"
1,0.4734806010316214,0.5431249422846062,0.5132978986647663,0.5099673977330808,0.028531283393576027,1,51.57137759526571,0.1189225538819825,0.39567748705546063,0.008674291385352941,0.8390144719977516,0.8844821246070537,4.358684608480795e-07,1.5445242865491629,17,3,1,100,0.0005266983003701547,954,315,0.9923710598637134,"OrderedDict([('colsample_bylevel', 0.8390144719977516), ('colsample_bytree', 0.8844821246070537), ('gamma', 4.358684608480795e-07), ('learning_rate', 1.5445242865491629), ('max_delta_step', 17), ('max_depth', 3), ('min_child_weight', 1), ('n_estimators', 100), ('reg_alpha', 0.0005266983003701547), ('reg_lambda', 954), ('scale_pos_weight', 315), ('subsample', 0.9923710598637134)])"
